1,1,"2Kgs.",5,12
2,2,"Josh.",21,30
3,2,"1Chr.",6,74
4,3,"Judg.",11,33
5,4,"Judg.",7,22
6,4,"1Kgs.",4,12
7,4,"1Kgs.",19,16
8,5,"Luke.",3,1
9,6,"Josh.",15,44
10,6,"Mic.",1,14
11,7,"Josh.",15,22
12,8,"Josh.",19,36
13,9,"Josh.",19,33
14,10,"Josh.",15,3
15,11,"Josh.",15,36
16,12,"Acts.",27,2
17,13,"Acts.",27,27
18,14,"Josh.",12,15
19,14,"Josh.",15,35
20,14,"1Sam.",22,1
21,14,"2Sam.",23,13
22,14,"1Chr.",11,15
23,14,"2Chr.",11,7
24,14,"Neh.",11,30
25,14,"Mic.",1,15
26,15,"Josh.",15,7
27,15,"Josh.",18,17
28,16,"John.",3,23
29,17,"Ezra.",8,15
30,17,"Ezra.",8,21
31,17,"Ezra.",8,31
32,18,"Num.",34,11
33,19,"Josh.",15,32
34,19,"Josh.",19,7
35,19,"Josh.",21,16
36,19,"1Chr.",4,32
37,20,"Num.",34,4
38,20,"Josh.",15,3
39,20,"Judg.",1,36
40,21,"1Chr.",6,60
41,22,"Josh.",19,26
42,23,"Josh.",19,26
43,24,"Ex.",17,8
44,24,"Ex.",17,9
45,24,"Ex.",17,10
46,24,"Ex.",17,11
47,24,"Ex.",17,13
48,24,"Ex.",17,14
49,24,"Ex.",17,16
50,24,"Num.",24,20
51,24,"Deut.",25,17
52,24,"Deut.",25,19
53,24,"1Sam.",15,2
54,24,"1Sam.",15,3
55,24,"1Sam.",15,5
56,24,"1Sam.",15,20
57,24,"1Sam.",28,18
58,24,"2Sam.",8,12
59,24,"1Chr.",18,11
60,24,"Ps.",83,7
61,25,"Sng.",4,8
62,26,"2Sam.",2,24
63,27,"Josh.",11,21
64,27,"Josh.",15,50
65,28,"Josh.",19,19
66,29,"Neh.",11,32
67,30,"Josh.",15,50
68,31,"Josh.",13,4
69,31,"Josh.",19,30
70,32,"Josh.",15,52
71,33,"Deut.",1,1
72,33,"Deut.",1,7
73,33,"Deut.",2,8
74,33,"Deut.",3,17
75,33,"Deut.",4,49
76,33,"Deut.",11,30
77,33,"Josh.",8,14
78,33,"Josh.",11,2
79,33,"Josh.",11,16
80,33,"Josh.",12,1
81,33,"Josh.",12,3
82,33,"Josh.",12,8
83,33,"Josh.",18,18
84,33,"1Sam.",23,24
85,33,"2Sam.",2,29
86,33,"2Sam.",4,7
87,33,"2Kgs.",25,4
88,33,"Jer.",39,4
89,33,"Jer.",52,7
90,33,"Ezek.",47,8
91,34,"2Chr.",9,14
92,34,"Isa.",21,13
93,34,"Jer.",25,24
94,34,"Ezek.",27,21
95,34,"Ezek.",30,5
96,34,"Gal.",1,17
97,34,"Gal.",4,25
98,35,"Num.",23,7
99,35,"2Sam.",8,6
100,35,"2Sam.",15,8
101,35,"1Chr.",2,23
102,35,"Hos.",12,12
103,36,"1Chr.",19,6
104,37,"Ps.",60,1
105,38,"Deut.",3,4
106,38,"Deut.",3,13
107,38,"Deut.",3,14
108,38,"1Kgs.",4,13
109,39,"Num.",21,13
110,39,"Num.",21,14
111,39,"Num.",21,24
112,39,"Num.",21,26
113,39,"Num.",21,28
114,39,"Num.",22,36
115,39,"Judg.",11,13
116,39,"Judg.",11,18
117,39,"Judg.",11,22
118,39,"Judg.",11,26
119,39,"Isa.",16,2
120,39,"Jer.",48,20
121,40,"Num.",32,34
122,40,"Josh.",13,25
123,40,"Judg.",11,33
124,40,"2Sam.",24,5
125,40,"1Chr.",5,8
126,40,"Isa.",17,2
127,41,"Judg.",9,41
128,42,"Ezek.",27,8
129,42,"Ezek.",27,11
130,43,"Jer.",51,27
131,44,"Josh.",15,33
132,44,"Josh.",15,43
133,45,"Acts.",2,9
134,45,"Acts.",6,9
135,45,"Acts.",16,6
136,45,"Acts.",19,10
137,45,"Acts.",19,22
138,45,"Acts.",19,26
139,45,"Acts.",19,27
140,45,"Acts.",20,16
141,45,"Acts.",20,18
142,45,"Acts.",21,27
143,45,"Acts.",24,18
144,45,"Acts.",27,2
145,45,"Rom.",16,5
146,45,"1Cor.",16,19
147,45,"2Cor.",1,8
148,45,"2Tim.",1,15
149,45,"1Pet.",1,1
150,45,"Rev.",1,4
151,46,"Num.",34,4
152,46,"Num.",34,5
153,46,"Josh.",15,4
154,47,"Josh.",19,44
155,48,"Josh.",19,8
156,49,"2Sam.",13,23
157,50,"Num.",32,38
158,50,"1Chr.",5,8
159,50,"Ezek.",25,9
160,51,"Ex.",14,2
161,51,"Ex.",14,9
162,51,"Num.",33,7
163,52,"2Sam.",3,16
164,52,"2Sam.",16,5
165,52,"2Sam.",17,18
166,52,"2Sam.",19,16
167,52,"2Sam.",23,31
168,52,"1Kgs.",2,8
169,53,"Josh.",19,45
170,54,"Ezek.",47,16
171,55,"1Sam.",30,9
172,55,"1Sam.",30,10
173,55,"1Sam.",30,21
174,56,"Josh.",19,25
175,57,"Josh.",19,38
176,57,"Judg.",1,33
177,58,"Josh.",15,59
178,59,"Josh.",15,6
179,59,"Josh.",15,61
180,59,"Josh.",18,18
181,59,"Josh.",18,22
182,60,"Neh.",7,28
183,61,"Josh.",15,41
184,62,"Josh.",19,27
185,63,"Josh.",19,27
186,64,"Jer.",48,23
187,65,"Neh.",3,14
188,65,"Jer.",6,1
189,66,"Josh.",13,27
190,67,"Josh.",15,6
191,67,"Josh.",18,19
192,67,"Josh.",18,21
193,68,"Josh.",19,15
194,69,"Num.",32,36
195,69,"Josh.",13,27
196,70,"Deut.",3,29
197,70,"Deut.",4,46
198,70,"Deut.",34,6
199,70,"Josh.",13,20
200,71,"Judg.",18,28
201,71,"2Sam.",10,6
202,72,"Josh.",19,22
203,73,"Judg.",7,22
204,74,"Josh.",15,53
205,75,"Ezek.",27,14
206,75,"Ezek.",38,6
207,76,"Josh.",15,58
208,76,"2Chr.",11,7
209,76,"Neh.",3,16
210,77,"Josh.",13,26
211,78,"Judg.",1,4
212,78,"Judg.",1,5
213,79,"Acts.",16,7
214,79,"1Pet.",1,1
215,80,"Gen.",36,33
216,80,"1Chr.",1,44
217,80,"Isa.",34,6
218,80,"Isa.",63,1
219,80,"Jer.",49,13
220,80,"Jer.",49,22
221,80,"Amos.",1,12
222,81,"Num.",34,5
223,81,"Josh.",15,4
224,81,"Josh.",15,47
225,81,"1Kgs.",8,65
226,81,"2Kgs.",24,7
227,81,"2Chr.",7,8
228,81,"Isa.",27,12
229,81,"Ezek.",47,19
230,81,"Ezek.",48,28
231,82,"Josh.",19,27
232,83,"Gen.",10,11
233,83,"Gen.",10,12
234,84,"Gen.",10,10
235,84,"Amos.",6,2
236,85,"Acts.",2,9
237,85,"1Pet.",1,1
238,86,"Acts.",27,16
239,87,"Ezek.",1,1
240,87,"Ezek.",1,3
241,87,"Ezek.",3,15
242,87,"Ezek.",3,23
243,87,"Ezek.",10,15
244,87,"Ezek.",10,20
245,87,"Ezek.",10,22
246,87,"Ezek.",43,3
247,88,"Josh.",18,24
248,89,"Josh.",9,17
249,89,"Josh.",18,26
250,89,"Ezra.",2,25
251,89,"Neh.",7,29
252,90,"Josh.",15,10
253,91,"Josh.",19,18
254,92,"Acts.",20,15
255,93,"Acts.",27,7
256,93,"Acts.",27,12
257,93,"Acts.",27,13
258,93,"Acts.",27,21
259,93,"Titus.",1,5
260,94,"2Kgs.",17,30
261,95,"Isa.",23,1
262,95,"Isa.",23,12
263,95,"Jer.",2,10
264,95,"Ezek.",27,6
265,95,"Acts.",4,36
266,95,"Acts.",11,19
267,95,"Acts.",11,20
268,95,"Acts.",13,4
269,95,"Acts.",15,39
270,95,"Acts.",21,3
271,95,"Acts.",21,16
272,95,"Acts.",27,4
273,96,"Matt.",27,32
274,96,"Mark.",15,21
275,96,"Luke.",23,26
276,96,"Acts.",2,10
277,96,"Acts.",11,20
278,96,"Acts.",13,1
279,97,"Josh.",19,11
280,98,"2Tim.",4,10
281,99,"Josh.",15,49
282,100,"Josh.",15,7
283,101,"Jer.",25,23
284,101,"Jer.",49,8
285,101,"Ezek.",25,13
286,101,"Ezek.",27,15
287,101,"Ezek.",27,20
288,101,"Ezek.",38,13
289,102,"Josh.",21,35
290,103,"Gen.",36,32
291,103,"1Chr.",1,43
292,104,"Deut.",1,1
293,105,"Num.",33,12
294,105,"Num.",33,13
295,106,"Josh.",15,52
296,107,"Josh.",19,20
297,108,"Ezra.",6,2
298,109,"Deut.",2,8
299,109,"2Kgs.",14,22
300,109,"2Kgs.",16,6
301,110,"Num.",32,3
302,110,"Num.",32,37
303,110,"Isa.",15,4
304,110,"Isa.",16,9
305,110,"Jer.",48,34
306,111,"Ex.",15,27
307,111,"Ex.",16,1
308,111,"Num.",33,9
309,111,"Num.",33,10
310,112,"Gen.",14,1
311,112,"Gen.",14,9
312,113,"Josh.",19,43
313,114,"1Kgs.",4,9
314,115,"Josh.",19,44
315,116,"Josh.",15,59
316,117,"Josh.",15,34
317,118,"Ezek.",47,10
318,119,"Josh.",15,34
319,120,"Josh.",19,21
320,121,"Josh.",19,37
321,122,"Josh.",15,7
322,122,"Josh.",18,16
323,122,"2Sam.",17,17
324,122,"1Kgs.",1,9
325,123,"Josh.",15,7
326,123,"Josh.",18,17
327,124,"1Sam.",17,1
328,125,"Gen.",10,10
329,125,"Ezra.",4,9
330,126,"Josh.",15,52
331,127,"Josh.",15,33
332,127,"Josh.",19,41
333,127,"Judg.",13,25
334,127,"Judg.",16,31
335,127,"Judg.",18,2
336,127,"Judg.",18,8
337,127,"Judg.",18,11
338,128,"Judg.",15,8
339,128,"Judg.",15,11
340,129,"2Chr.",11,6
341,130,"Ex.",13,20
342,130,"Num.",33,6
343,130,"Num.",33,7
344,130,"Num.",33,8
345,131,"Est.",1,1
346,131,"Est.",8,9
347,131,"Job.",28,19
348,132,"Gen.",2,14
349,132,"Gen.",15,18
350,132,"Gen.",31,21
351,132,"Gen.",36,37
352,132,"Ex.",23,31
353,132,"Deut.",1,7
354,132,"Deut.",11,24
355,132,"Josh.",1,4
356,132,"Josh.",24,2
357,132,"2Sam.",8,3
358,132,"2Sam.",10,16
359,132,"1Kgs.",4,21
360,132,"1Kgs.",4,24
361,132,"1Kgs.",14,15
362,132,"2Kgs.",23,29
363,132,"2Kgs.",24,7
364,132,"1Chr.",1,48
365,132,"1Chr.",5,9
366,132,"1Chr.",18,3
367,132,"1Chr.",19,16
368,132,"2Chr.",9,26
369,132,"2Chr.",35,20
370,132,"Isa.",27,12
371,132,"Jer.",2,18
372,132,"Jer.",13,4
373,132,"Jer.",13,5
374,132,"Jer.",13,6
375,132,"Jer.",13,7
376,132,"Jer.",46,2
377,132,"Jer.",46,6
378,132,"Jer.",46,10
379,132,"Jer.",51,63
380,132,"Rev.",9,14
381,132,"Rev.",16,12
382,133,"Acts.",28,15
383,134,"1Sam.",25,44
384,134,"Isa.",10,30
385,135,"Isa.",10,31
386,136,"Josh.",15,36
387,136,"1Chr.",4,23
388,136,"1Chr.",12,4
389,137,"Josh.",15,58
390,137,"1Chr.",12,7
391,138,"Josh.",13,13
392,138,"2Sam.",3,3
393,138,"2Sam.",13,37
394,138,"2Sam.",13,38
395,138,"2Sam.",14,23
396,138,"2Sam.",14,32
397,138,"2Sam.",15,8
398,138,"1Chr.",2,23
399,138,"1Chr.",3,2
400,139,"Josh.",19,44
401,139,"Josh.",21,23
402,139,"1Kgs.",15,27
403,139,"1Kgs.",16,15
404,139,"1Kgs.",16,17
405,140,"1Kgs.",1,33
406,140,"1Kgs.",1,38
407,140,"1Kgs.",1,45
408,140,"2Chr.",32,30
409,140,"2Chr.",33,14
410,141,"1Sam.",28,4
411,141,"2Sam.",1,21
412,141,"2Sam.",21,12
413,142,"Gen.",31,21
414,142,"Gen.",31,23
415,142,"Gen.",31,25
416,142,"Gen.",37,25
417,142,"Num.",32,1
418,142,"Num.",32,26
419,142,"Num.",32,29
420,142,"Num.",32,39
421,142,"Num.",32,40
422,142,"Deut.",2,36
423,142,"Deut.",3,10
424,142,"Deut.",3,12
425,142,"Deut.",3,13
426,142,"Deut.",3,15
427,142,"Deut.",3,16
428,142,"Deut.",4,43
429,142,"Deut.",34,1
430,142,"Josh.",12,2
431,142,"Josh.",12,5
432,142,"Josh.",13,11
433,142,"Josh.",13,25
434,142,"Josh.",13,31
435,142,"Josh.",17,1
436,142,"Josh.",17,5
437,142,"Josh.",17,6
438,142,"Josh.",20,8
439,142,"Josh.",21,38
440,142,"Josh.",22,9
441,142,"Josh.",22,13
442,142,"Josh.",22,15
443,142,"Josh.",22,32
444,142,"Judg.",5,17
445,142,"Judg.",10,4
446,142,"Judg.",10,8
447,142,"Judg.",10,17
448,142,"Judg.",10,18
449,142,"Judg.",11,5
450,142,"Judg.",11,7
451,142,"Judg.",11,8
452,142,"Judg.",11,9
453,142,"Judg.",11,10
454,142,"Judg.",11,11
455,142,"Judg.",11,29
456,142,"Judg.",12,4
457,142,"Judg.",12,5
458,142,"Judg.",12,7
459,142,"Judg.",20,1
460,142,"1Sam.",13,7
461,142,"2Sam.",2,9
462,142,"2Sam.",17,26
463,142,"2Sam.",24,6
464,142,"1Kgs.",4,13
465,142,"1Kgs.",4,19
466,142,"1Kgs.",17,1
467,142,"2Kgs.",10,33
468,142,"2Kgs.",15,25
469,142,"2Kgs.",15,29
470,142,"1Chr.",2,22
471,142,"1Chr.",5,9
472,142,"1Chr.",5,10
473,142,"1Chr.",5,16
474,142,"1Chr.",6,80
475,142,"1Chr.",26,31
476,142,"1Chr.",27,21
477,142,"Ps.",60,7
478,142,"Ps.",108,8
479,142,"Sng.",4,1
480,142,"Sng.",6,5
481,142,"Jer.",8,22
482,142,"Jer.",22,6
483,142,"Jer.",46,11
484,142,"Jer.",50,19
485,142,"Ezek.",47,18
486,142,"Hos.",6,8
487,142,"Hos.",12,11
488,142,"Amos.",1,3
489,142,"Amos.",1,13
490,142,"Obad.",1,19
491,142,"Mic.",7,14
492,142,"Zech.",10,10
493,143,"2Kgs.",2,1
494,143,"2Kgs.",4,38
495,144,"Josh.",15,51
496,144,"2Sam.",15,12
497,145,"2Chr.",28,18
498,146,"Rev.",20,8
499,147,"Josh.",10,41
500,147,"Josh.",11,16
501,147,"Josh.",15,51
502,148,"2Kgs.",17,6
503,148,"2Kgs.",18,11
504,148,"2Kgs.",19,12
505,148,"1Chr.",5,26
506,148,"Isa.",37,12
507,149,"Num.",34,6
508,149,"Num.",34,7
509,149,"Josh.",1,4
510,149,"Josh.",9,1
511,149,"Josh.",15,12
512,149,"Josh.",15,47
513,149,"Josh.",23,4
514,149,"Ezek.",47,10
515,149,"Ezek.",47,15
516,149,"Ezek.",47,19
517,149,"Ezek.",47,20
518,149,"Ezek.",48,28
519,150,"2Kgs.",17,6
520,150,"2Kgs.",18,11
521,150,"1Chr.",5,26
522,151,"1Sam.",23,19
523,151,"1Sam.",26,1
524,151,"1Sam.",26,3
525,152,"Zech.",12,11
526,153,"Josh.",15,37
527,154,"Neh.",11,34
528,155,"Josh.",18,28
529,156,"Josh.",15,58
530,157,"2Sam.",8,9
531,157,"2Kgs.",14,28
532,157,"2Kgs.",17,24
533,157,"2Kgs.",17,30
534,157,"2Kgs.",18,34
535,157,"2Kgs.",19,13
536,157,"2Kgs.",23,33
537,157,"2Kgs.",25,21
538,157,"1Chr.",18,9
539,157,"2Chr.",8,4
540,157,"Isa.",10,9
541,157,"Isa.",11,11
542,157,"Isa.",36,19
543,157,"Isa.",37,13
544,157,"Jer.",39,5
545,157,"Jer.",49,23
546,157,"Jer.",52,9
547,157,"Jer.",52,27
548,157,"Ezek.",47,16
549,157,"Ezek.",47,17
550,157,"Ezek.",48,1
551,157,"Amos.",6,2
552,157,"Zech.",9,2
553,158,"Josh.",19,35
554,158,"1Chr.",2,55
555,159,"Isa.",30,4
556,160,"Josh.",19,14
557,161,"Judg.",7,1
558,161,"2Sam.",23,25
559,161,"1Chr.",11,27
560,162,"Judg.",4,2
561,162,"Judg.",4,13
562,162,"Judg.",4,16
563,163,"Gen.",25,18
564,163,"1Sam.",15,7
565,164,"Num.",34,9
566,164,"Num.",34,10
567,164,"Ezek.",47,17
568,164,"Ezek.",48,1
569,165,"Josh.",15,28
570,165,"Josh.",19,3
571,165,"1Chr.",4,28
572,165,"Neh.",11,27
573,166,"Num.",11,35
574,166,"Num.",12,16
575,166,"Num.",33,17
576,166,"Num.",33,18
577,166,"Deut.",1,1
578,167,"Neh.",11,33
579,168,"Ezek.",27,18
580,169,"Josh.",19,33
581,170,"Josh.",19,25
582,170,"Josh.",21,31
583,171,"2Sam.",2,16
584,172,"2Kgs.",18,34
585,172,"2Kgs.",19,13
586,172,"Isa.",37,13
587,173,"1Sam.",22,5
588,174,"Ezek.",47,15
589,174,"Ezek.",48,1
590,175,"Col.",4,13
591,176,"Gen.",14,15
592,177,"Josh.",15,51
593,177,"Josh.",21,15
594,178,"Josh.",19,38
595,179,"Num.",33,32
596,179,"Num.",33,33
597,180,"Isa.",15,5
598,180,"Jer.",48,3
599,180,"Jer.",48,5
600,180,"Jer.",48,34
601,181,"Josh.",19,29
602,182,"Josh.",19,34
603,183,"Josh.",19,15
604,184,"Est.",1,1
605,184,"Est.",8,9
606,185,"Josh.",18,27
607,186,"Josh.",19,42
608,187,"Gen.",32,22
609,187,"Num.",21,24
610,187,"Deut.",2,37
611,187,"Deut.",3,16
612,187,"Josh.",12,2
613,187,"Judg.",11,13
614,187,"Judg.",11,22
615,188,"Josh.",15,11
616,189,"Josh.",19,33
617,190,"Josh.",15,53
618,191,"Josh.",16,6
619,191,"Josh.",16,7
620,192,"2Kgs.",15,29
621,193,"Josh.",19,12
622,194,"Josh.",19,45
623,195,"Josh.",10,1
624,195,"Josh.",10,3
625,195,"Josh.",10,5
626,195,"Josh.",10,23
627,195,"Josh.",12,10
628,195,"Josh.",15,8
629,195,"Josh.",15,63
630,195,"Josh.",18,28
631,195,"Judg.",1,7
632,195,"Judg.",1,8
633,195,"Judg.",1,21
634,195,"Judg.",19,10
635,195,"1Sam.",17,54
636,195,"2Sam.",5,5
637,195,"2Sam.",5,6
638,195,"2Sam.",5,13
639,195,"2Sam.",5,14
640,195,"2Sam.",8,7
641,195,"2Sam.",9,13
642,195,"2Sam.",10,14
643,195,"2Sam.",11,1
644,195,"2Sam.",11,12
645,195,"2Sam.",12,31
646,195,"2Sam.",14,23
647,195,"2Sam.",14,28
648,195,"2Sam.",15,8
649,195,"2Sam.",15,11
650,195,"2Sam.",15,14
651,195,"2Sam.",15,29
652,195,"2Sam.",15,37
653,195,"2Sam.",16,3
654,195,"2Sam.",16,15
655,195,"2Sam.",17,20
656,195,"2Sam.",19,19
657,195,"2Sam.",19,25
658,195,"2Sam.",19,33
659,195,"2Sam.",19,34
660,195,"2Sam.",20,2
661,195,"2Sam.",20,3
662,195,"2Sam.",20,7
663,195,"2Sam.",20,22
664,195,"2Sam.",24,8
665,195,"2Sam.",24,16
666,195,"1Kgs.",2,11
667,195,"1Kgs.",2,36
668,195,"1Kgs.",2,38
669,195,"1Kgs.",2,41
670,195,"1Kgs.",3,1
671,195,"1Kgs.",3,15
672,195,"1Kgs.",8,1
673,195,"1Kgs.",9,15
674,195,"1Kgs.",9,19
675,195,"1Kgs.",10,2
676,195,"1Kgs.",10,26
677,195,"1Kgs.",10,27
678,195,"1Kgs.",11,7
679,195,"1Kgs.",11,13
680,195,"1Kgs.",11,29
681,195,"1Kgs.",11,32
682,195,"1Kgs.",11,36
683,195,"1Kgs.",11,42
684,195,"1Kgs.",12,18
685,195,"1Kgs.",12,21
686,195,"1Kgs.",12,27
687,195,"1Kgs.",12,28
688,195,"1Kgs.",14,21
689,195,"1Kgs.",14,25
690,195,"1Kgs.",15,2
691,195,"1Kgs.",15,4
692,195,"1Kgs.",15,10
693,195,"1Kgs.",22,42
694,195,"2Kgs.",8,17
695,195,"2Kgs.",8,26
696,195,"2Kgs.",9,28
697,195,"2Kgs.",12,1
698,195,"2Kgs.",12,17
699,195,"2Kgs.",12,18
700,195,"2Kgs.",14,2
701,195,"2Kgs.",14,13
702,195,"2Kgs.",14,19
703,195,"2Kgs.",14,20
704,195,"2Kgs.",15,2
705,195,"2Kgs.",15,33
706,195,"2Kgs.",16,2
707,195,"2Kgs.",16,5
708,195,"2Kgs.",18,2
709,195,"2Kgs.",18,17
710,195,"2Kgs.",18,22
711,195,"2Kgs.",18,35
712,195,"2Kgs.",19,10
713,195,"2Kgs.",19,21
714,195,"2Kgs.",19,31
715,195,"2Kgs.",21,1
716,195,"2Kgs.",21,4
717,195,"2Kgs.",21,7
718,195,"2Kgs.",21,12
719,195,"2Kgs.",21,13
720,195,"2Kgs.",21,16
721,195,"2Kgs.",21,19
722,195,"2Kgs.",22,1
723,195,"2Kgs.",22,14
724,195,"2Kgs.",23,1
725,195,"2Kgs.",23,2
726,195,"2Kgs.",23,4
727,195,"2Kgs.",23,5
728,195,"2Kgs.",23,6
729,195,"2Kgs.",23,9
730,195,"2Kgs.",23,13
731,195,"2Kgs.",23,20
732,195,"2Kgs.",23,23
733,195,"2Kgs.",23,24
734,195,"2Kgs.",23,27
735,195,"2Kgs.",23,30
736,195,"2Kgs.",23,31
737,195,"2Kgs.",23,33
738,195,"2Kgs.",23,36
739,195,"2Kgs.",24,4
740,195,"2Kgs.",24,8
741,195,"2Kgs.",24,10
742,195,"2Kgs.",24,14
743,195,"2Kgs.",24,15
744,195,"2Kgs.",24,18
745,195,"2Kgs.",24,20
746,195,"2Kgs.",25,1
747,195,"2Kgs.",25,8
748,195,"2Kgs.",25,9
749,195,"2Kgs.",25,10
750,195,"1Chr.",3,4
751,195,"1Chr.",3,5
752,195,"1Chr.",6,10
753,195,"1Chr.",6,15
754,195,"1Chr.",6,32
755,195,"1Chr.",8,28
756,195,"1Chr.",8,32
757,195,"1Chr.",9,3
758,195,"1Chr.",9,34
759,195,"1Chr.",9,38
760,195,"1Chr.",11,4
761,195,"1Chr.",14,3
762,195,"1Chr.",14,4
763,195,"1Chr.",15,3
764,195,"1Chr.",18,7
765,195,"1Chr.",19,15
766,195,"1Chr.",20,1
767,195,"1Chr.",20,3
768,195,"1Chr.",21,4
769,195,"1Chr.",21,15
770,195,"1Chr.",21,16
771,195,"1Chr.",23,25
772,195,"1Chr.",28,1
773,195,"1Chr.",29,27
774,195,"2Chr.",1,4
775,195,"2Chr.",1,13
776,195,"2Chr.",1,14
777,195,"2Chr.",1,15
778,195,"2Chr.",2,7
779,195,"2Chr.",2,16
780,195,"2Chr.",3,1
781,195,"2Chr.",5,2
782,195,"2Chr.",6,6
783,195,"2Chr.",8,6
784,195,"2Chr.",9,1
785,195,"2Chr.",9,25
786,195,"2Chr.",9,27
787,195,"2Chr.",9,30
788,195,"2Chr.",10,18
789,195,"2Chr.",11,1
790,195,"2Chr.",11,5
791,195,"2Chr.",11,14
792,195,"2Chr.",11,16
793,195,"2Chr.",12,2
794,195,"2Chr.",12,4
795,195,"2Chr.",12,5
796,195,"2Chr.",12,7
797,195,"2Chr.",12,9
798,195,"2Chr.",12,13
799,195,"2Chr.",13,2
800,195,"2Chr.",14,15
801,195,"2Chr.",15,10
802,195,"2Chr.",17,13
803,195,"2Chr.",19,1
804,195,"2Chr.",19,4
805,195,"2Chr.",19,8
806,195,"2Chr.",20,5
807,195,"2Chr.",20,15
808,195,"2Chr.",20,17
809,195,"2Chr.",20,18
810,195,"2Chr.",20,20
811,195,"2Chr.",30,14
812,195,"2Chr.",32,19
813,195,"2Chr.",32,22
814,195,"2Chr.",32,23
815,195,"2Chr.",32,25
816,195,"2Chr.",32,26
817,195,"2Chr.",32,33
818,195,"2Chr.",33,1
819,195,"2Chr.",33,4
820,195,"2Chr.",33,7
821,195,"2Chr.",33,9
822,195,"2Chr.",33,13
823,195,"2Chr.",33,15
824,195,"2Chr.",33,21
825,195,"2Chr.",34,1
826,195,"2Chr.",34,3
827,195,"2Chr.",34,5
828,195,"2Chr.",34,7
829,195,"2Chr.",34,9
830,195,"2Chr.",34,22
831,195,"2Chr.",34,29
832,195,"2Chr.",34,30
833,195,"2Chr.",34,32
834,195,"2Chr.",35,1
835,195,"2Chr.",35,18
836,195,"2Chr.",35,24
837,195,"2Chr.",36,1
838,195,"2Chr.",36,2
839,195,"2Chr.",36,3
840,195,"2Chr.",36,4
841,195,"2Chr.",36,5
842,195,"2Chr.",36,9
843,195,"2Chr.",36,10
844,195,"2Chr.",36,11
845,195,"2Chr.",36,14
846,195,"2Chr.",36,19
847,195,"2Chr.",36,23
848,195,"Ezra.",1,2
849,195,"Ezra.",1,3
850,195,"Ezra.",1,4
851,195,"Ezra.",1,5
852,195,"Ezra.",1,7
853,195,"Ezra.",1,11
854,195,"Ezra.",2,1
855,195,"Ezra.",2,68
856,195,"Ezra.",3,1
857,195,"Ezra.",3,8
858,195,"Ezra.",4,6
859,195,"Ezra.",4,8
860,195,"Ezra.",4,12
861,195,"Ezra.",4,20
862,195,"Ezra.",4,23
863,195,"Ezra.",4,24
864,195,"Ezra.",5,1
865,195,"Ezra.",5,2
866,195,"Ezra.",5,14
867,195,"Ezra.",5,15
868,195,"Ezra.",5,16
869,195,"Ezra.",5,17
870,195,"Ezra.",6,3
871,195,"Ezra.",6,5
872,195,"Ezra.",6,9
873,195,"Ezra.",6,12
874,195,"Ezra.",6,18
875,195,"Ezra.",7,7
876,195,"Ezra.",7,8
877,195,"Ezra.",7,9
878,195,"Ezra.",7,13
879,195,"Ezra.",7,14
880,195,"Ezra.",7,15
881,195,"Ezra.",7,16
882,195,"Ezra.",7,17
883,195,"Ezra.",7,19
884,195,"Ezra.",7,27
885,195,"Ezra.",8,29
886,195,"Ezra.",8,30
887,195,"Ezra.",8,31
888,195,"Ezra.",8,32
889,195,"Ezra.",9,9
890,195,"Ezra.",10,7
891,195,"Ezra.",10,9
892,195,"Neh.",1,2
893,195,"Neh.",1,3
894,195,"Neh.",2,11
895,195,"Neh.",2,12
896,195,"Neh.",2,13
897,195,"Neh.",2,17
898,195,"Neh.",2,20
899,195,"Neh.",3,8
900,195,"Neh.",3,9
901,195,"Neh.",3,12
902,195,"Neh.",4,7
903,195,"Neh.",4,8
904,195,"Neh.",4,22
905,195,"Neh.",6,7
906,195,"Neh.",7,2
907,195,"Neh.",7,3
908,195,"Neh.",7,6
909,195,"Neh.",8,15
910,195,"Neh.",11,1
911,195,"Neh.",11,2
912,195,"Neh.",11,3
913,195,"Neh.",11,4
914,195,"Neh.",11,6
915,195,"Neh.",11,22
916,195,"Neh.",12,27
917,195,"Neh.",12,28
918,195,"Neh.",12,29
919,195,"Neh.",12,43
920,195,"Neh.",13,6
921,195,"Neh.",13,7
922,195,"Neh.",13,15
923,195,"Neh.",13,16
924,195,"Neh.",13,19
925,195,"Neh.",13,20
926,195,"Est.",2,6
927,195,"Ps.",51,18
928,195,"Ps.",68,29
929,195,"Ps.",79,1
930,195,"Ps.",79,3
931,195,"Ps.",102,21
932,195,"Ps.",116,19
933,195,"Ps.",122,2
934,195,"Ps.",122,3
935,195,"Ps.",122,6
936,195,"Ps.",125,2
937,195,"Ps.",128,5
938,195,"Ps.",135,21
939,195,"Ps.",137,5
940,195,"Ps.",137,6
941,195,"Ps.",137,7
942,195,"Ps.",147,2
943,195,"Ps.",147,12
944,195,"Eccl.",1,1
945,195,"Eccl.",1,12
946,195,"Eccl.",1,16
947,195,"Eccl.",2,7
948,195,"Eccl.",2,9
949,195,"Sng.",1,5
950,195,"Sng.",2,7
951,195,"Sng.",3,5
952,195,"Sng.",3,10
953,195,"Sng.",5,8
954,195,"Sng.",5,16
955,195,"Sng.",6,4
956,195,"Sng.",8,4
957,195,"Isa.",1,1
958,195,"Isa.",2,1
959,195,"Isa.",2,3
960,195,"Isa.",3,1
961,195,"Isa.",3,8
962,195,"Isa.",4,3
963,195,"Isa.",4,4
964,195,"Isa.",5,3
965,195,"Isa.",5,14
966,195,"Isa.",7,1
967,195,"Isa.",8,14
968,195,"Isa.",10,10
969,195,"Isa.",10,11
970,195,"Isa.",10,12
971,195,"Isa.",10,32
972,195,"Isa.",22,10
973,195,"Isa.",22,21
974,195,"Isa.",24,23
975,195,"Isa.",27,13
976,195,"Isa.",28,14
977,195,"Isa.",30,19
978,195,"Isa.",31,5
979,195,"Isa.",31,9
980,195,"Isa.",33,20
981,195,"Isa.",36,2
982,195,"Isa.",36,7
983,195,"Isa.",36,20
984,195,"Isa.",37,10
985,195,"Isa.",37,22
986,195,"Isa.",37,32
987,195,"Isa.",40,2
988,195,"Isa.",40,9
989,195,"Isa.",41,27
990,195,"Isa.",44,26
991,195,"Isa.",44,28
992,195,"Isa.",51,17
993,195,"Isa.",52,1
994,195,"Isa.",52,2
995,195,"Isa.",52,9
996,195,"Isa.",62,6
997,195,"Isa.",62,7
998,195,"Isa.",64,10
999,195,"Isa.",65,18
1000,195,"Isa.",65,19
1001,195,"Isa.",66,10
1002,195,"Isa.",66,13
1003,195,"Isa.",66,20
1004,195,"Jer.",1,3
1005,195,"Jer.",1,15
1006,195,"Jer.",2,2
1007,195,"Jer.",3,17
1008,195,"Jer.",4,3
1009,195,"Jer.",4,4
1010,195,"Jer.",4,5
1011,195,"Jer.",4,10
1012,195,"Jer.",4,11
1013,195,"Jer.",4,14
1014,195,"Jer.",4,16
1015,195,"Jer.",5,1
1016,195,"Jer.",6,1
1017,195,"Jer.",6,6
1018,195,"Jer.",6,8
1019,195,"Jer.",7,17
1020,195,"Jer.",7,34
1021,195,"Jer.",8,1
1022,195,"Jer.",9,11
1023,195,"Jer.",11,2
1024,195,"Jer.",11,6
1025,195,"Jer.",11,9
1026,195,"Jer.",11,12
1027,195,"Jer.",11,13
1028,195,"Jer.",13,9
1029,195,"Jer.",13,13
1030,195,"Jer.",13,27
1031,195,"Jer.",14,2
1032,195,"Jer.",14,16
1033,195,"Jer.",15,4
1034,195,"Jer.",15,5
1035,195,"Jer.",17,19
1036,195,"Jer.",17,20
1037,195,"Jer.",17,21
1038,195,"Jer.",17,25
1039,195,"Jer.",17,26
1040,195,"Jer.",17,27
1041,195,"Jer.",18,11
1042,195,"Jer.",19,3
1043,195,"Jer.",19,7
1044,195,"Jer.",19,13
1045,195,"Jer.",22,19
1046,195,"Jer.",23,14
1047,195,"Jer.",23,15
1048,195,"Jer.",24,1
1049,195,"Jer.",24,8
1050,195,"Jer.",25,2
1051,195,"Jer.",25,18
1052,195,"Jer.",26,18
1053,195,"Jer.",27,3
1054,195,"Jer.",27,18
1055,195,"Jer.",27,20
1056,195,"Jer.",27,21
1057,195,"Jer.",29,1
1058,195,"Jer.",29,2
1059,195,"Jer.",29,4
1060,195,"Jer.",29,20
1061,195,"Jer.",29,25
1062,195,"Jer.",32,2
1063,195,"Jer.",32,32
1064,195,"Jer.",32,44
1065,195,"Jer.",33,10
1066,195,"Jer.",33,13
1067,195,"Jer.",33,16
1068,195,"Jer.",34,1
1069,195,"Jer.",34,6
1070,195,"Jer.",34,7
1071,195,"Jer.",34,8
1072,195,"Jer.",34,19
1073,195,"Jer.",35,11
1074,195,"Jer.",35,13
1075,195,"Jer.",35,17
1076,195,"Jer.",36,9
1077,195,"Jer.",36,31
1078,195,"Jer.",37,5
1079,195,"Jer.",37,11
1080,195,"Jer.",37,12
1081,195,"Jer.",38,28
1082,195,"Jer.",39,1
1083,195,"Jer.",39,8
1084,195,"Jer.",40,1
1085,195,"Jer.",42,18
1086,195,"Jer.",44,2
1087,195,"Jer.",44,6
1088,195,"Jer.",44,9
1089,195,"Jer.",44,13
1090,195,"Jer.",44,17
1091,195,"Jer.",44,21
1092,195,"Jer.",51,35
1093,195,"Jer.",51,50
1094,195,"Jer.",52,1
1095,195,"Jer.",52,3
1096,195,"Jer.",52,4
1097,195,"Jer.",52,12
1098,195,"Jer.",52,13
1099,195,"Jer.",52,14
1100,195,"Jer.",52,29
1101,195,"Lam.",1,7
1102,195,"Lam.",1,8
1103,195,"Lam.",1,17
1104,195,"Lam.",2,10
1105,195,"Lam.",2,13
1106,195,"Lam.",2,15
1107,195,"Lam.",4,12
1108,195,"Ezek.",4,1
1109,195,"Ezek.",4,7
1110,195,"Ezek.",4,16
1111,195,"Ezek.",5,5
1112,195,"Ezek.",8,3
1113,195,"Ezek.",9,4
1114,195,"Ezek.",9,8
1115,195,"Ezek.",11,15
1116,195,"Ezek.",12,10
1117,195,"Ezek.",12,19
1118,195,"Ezek.",13,16
1119,195,"Ezek.",14,21
1120,195,"Ezek.",14,22
1121,195,"Ezek.",15,6
1122,195,"Ezek.",16,2
1123,195,"Ezek.",16,3
1124,195,"Ezek.",17,12
1125,195,"Ezek.",21,2
1126,195,"Ezek.",21,20
1127,195,"Ezek.",21,22
1128,195,"Ezek.",22,19
1129,195,"Ezek.",23,4
1130,195,"Ezek.",24,2
1131,195,"Ezek.",26,2
1132,195,"Ezek.",33,21
1133,195,"Ezek.",36,38
1134,195,"Dan.",1,1
1135,195,"Dan.",5,2
1136,195,"Dan.",5,3
1137,195,"Dan.",6,10
1138,195,"Dan.",9,2
1139,195,"Dan.",9,7
1140,195,"Dan.",9,12
1141,195,"Dan.",9,16
1142,195,"Dan.",9,25
1143,195,"Joel.",2,32
1144,195,"Joel.",3,1
1145,195,"Joel.",3,6
1146,195,"Joel.",3,16
1147,195,"Joel.",3,17
1148,195,"Joel.",3,20
1149,195,"Amos.",1,2
1150,195,"Amos.",2,5
1151,195,"Obad.",1,11
1152,195,"Obad.",1,20
1153,195,"Mic.",1,1
1154,195,"Mic.",1,5
1155,195,"Mic.",1,9
1156,195,"Mic.",1,12
1157,195,"Mic.",3,10
1158,195,"Mic.",3,12
1159,195,"Mic.",4,2
1160,195,"Mic.",4,8
1161,195,"Zeph.",1,4
1162,195,"Zeph.",1,12
1163,195,"Zeph.",3,14
1164,195,"Zeph.",3,16
1165,195,"Zech.",1,12
1166,195,"Zech.",1,14
1167,195,"Zech.",1,16
1168,195,"Zech.",1,17
1169,195,"Zech.",1,19
1170,195,"Zech.",2,2
1171,195,"Zech.",2,4
1172,195,"Zech.",2,12
1173,195,"Zech.",3,2
1174,195,"Zech.",7,7
1175,195,"Zech.",8,3
1176,195,"Zech.",8,4
1177,195,"Zech.",8,8
1178,195,"Zech.",8,15
1179,195,"Zech.",8,22
1180,195,"Zech.",9,9
1181,195,"Zech.",9,10
1182,195,"Zech.",12,2
1183,195,"Zech.",12,3
1184,195,"Zech.",12,5
1185,195,"Zech.",12,6
1186,195,"Zech.",12,7
1187,195,"Zech.",12,8
1188,195,"Zech.",12,9
1189,195,"Zech.",12,10
1190,195,"Zech.",12,11
1191,195,"Zech.",13,1
1192,195,"Zech.",14,2
1193,195,"Zech.",14,4
1194,195,"Zech.",14,8
1195,195,"Zech.",14,10
1196,195,"Zech.",14,11
1197,195,"Zech.",14,12
1198,195,"Zech.",14,14
1199,195,"Zech.",14,16
1200,195,"Zech.",14,17
1201,195,"Zech.",14,21
1202,195,"Mal.",2,11
1203,195,"Mal.",3,4
1204,195,"Matt.",2,1
1205,195,"Matt.",2,3
1206,195,"Matt.",3,5
1207,195,"Matt.",4,25
1208,195,"Matt.",5,35
1209,195,"Matt.",15,1
1210,195,"Matt.",16,21
1211,195,"Matt.",20,17
1212,195,"Matt.",20,18
1213,195,"Matt.",21,1
1214,195,"Matt.",21,10
1215,195,"Matt.",23,37
1216,195,"Mark.",1,5
1217,195,"Mark.",3,8
1218,195,"Mark.",3,22
1219,195,"Mark.",7,1
1220,195,"Mark.",10,32
1221,195,"Mark.",10,33
1222,195,"Mark.",11,1
1223,195,"Mark.",11,11
1224,195,"Mark.",11,15
1225,195,"Mark.",11,27
1226,195,"Mark.",15,41
1227,195,"Luke.",2,22
1228,195,"Luke.",2,25
1229,195,"Luke.",2,38
1230,195,"Luke.",2,41
1231,195,"Luke.",2,43
1232,195,"Luke.",2,45
1233,195,"Luke.",4,9
1234,195,"Luke.",5,17
1235,195,"Luke.",6,17
1236,195,"Luke.",9,31
1237,195,"Luke.",9,51
1238,195,"Luke.",9,53
1239,195,"Luke.",10,30
1240,195,"Luke.",13,4
1241,195,"Luke.",13,22
1242,195,"Luke.",13,33
1243,195,"Luke.",13,34
1244,195,"Luke.",17,11
1245,195,"Luke.",18,31
1246,195,"Luke.",19,11
1247,195,"Luke.",19,28
1248,195,"Luke.",21,20
1249,195,"Luke.",21,24
1250,195,"Luke.",23,7
1251,195,"Luke.",23,28
1252,195,"Luke.",24,13
1253,195,"Luke.",24,18
1254,195,"Luke.",24,33
1255,195,"Luke.",24,47
1256,195,"Luke.",24,52
1257,195,"John.",1,19
1258,195,"John.",2,13
1259,195,"John.",2,23
1260,195,"John.",4,20
1261,195,"John.",4,21
1262,195,"John.",4,45
1263,195,"John.",5,1
1264,195,"John.",5,2
1265,195,"John.",7,25
1266,195,"John.",10,22
1267,195,"John.",11,18
1268,195,"John.",11,55
1269,195,"John.",12,12
1270,195,"Acts.",1,4
1271,195,"Acts.",1,8
1272,195,"Acts.",1,12
1273,195,"Acts.",1,19
1274,195,"Acts.",2,5
1275,195,"Acts.",2,14
1276,195,"Acts.",4,5
1277,195,"Acts.",4,16
1278,195,"Acts.",5,16
1279,195,"Acts.",5,28
1280,195,"Acts.",6,7
1281,195,"Acts.",8,1
1282,195,"Acts.",8,14
1283,195,"Acts.",8,25
1284,195,"Acts.",8,26
1285,195,"Acts.",8,27
1286,195,"Acts.",9,2
1287,195,"Acts.",9,13
1288,195,"Acts.",9,21
1289,195,"Acts.",9,26
1290,195,"Acts.",9,28
1291,195,"Acts.",10,39
1292,195,"Acts.",11,2
1293,195,"Acts.",11,22
1294,195,"Acts.",11,27
1295,195,"Acts.",12,25
1296,195,"Acts.",13,13
1297,195,"Acts.",13,27
1298,195,"Acts.",13,31
1299,195,"Acts.",15,2
1300,195,"Acts.",15,4
1301,195,"Acts.",16,4
1302,195,"Acts.",19,21
1303,195,"Acts.",20,16
1304,195,"Acts.",20,22
1305,195,"Acts.",21,4
1306,195,"Acts.",21,11
1307,195,"Acts.",21,12
1308,195,"Acts.",21,13
1309,195,"Acts.",21,15
1310,195,"Acts.",21,17
1311,195,"Acts.",21,31
1312,195,"Acts.",22,5
1313,195,"Acts.",22,17
1314,195,"Acts.",22,18
1315,195,"Acts.",23,11
1316,195,"Acts.",24,11
1317,195,"Acts.",25,1
1318,195,"Acts.",25,3
1319,195,"Acts.",25,7
1320,195,"Acts.",25,9
1321,195,"Acts.",25,15
1322,195,"Acts.",25,20
1323,195,"Acts.",25,24
1324,195,"Acts.",26,4
1325,195,"Acts.",26,10
1326,195,"Acts.",26,20
1327,195,"Acts.",28,17
1328,195,"Rom.",15,19
1329,195,"Rom.",15,25
1330,195,"Rom.",15,26
1331,195,"Rom.",15,31
1332,195,"1Cor.",16,3
1333,195,"Gal.",1,17
1334,195,"Gal.",1,18
1335,195,"Gal.",2,1
1336,195,"Gal.",4,25
1337,195,"Gal.",4,26
1338,195,"Heb.",12,22
1339,195,"Rev.",3,12
1340,195,"Rev.",21,2
1341,195,"Rev.",21,10
1342,196,"2Chr.",13,19
1343,197,"Num.",32,35
1344,197,"Judg.",8,11
1345,198,"Gen.",13,10
1346,198,"Gen.",13,11
1347,199,"Josh.",15,55
1348,199,"Josh.",21,16
1349,200,"2Sam.",24,6
1350,201,"Num.",24,22
1351,201,"Josh.",15,57
1352,202,"Josh.",16,8
1353,202,"Josh.",17,9
1354,203,"Deut.",2,26
1355,203,"Josh.",13,18
1356,203,"Josh.",21,37
1357,203,"1Chr.",6,79
1358,204,"Josh.",15,44
1359,204,"1Sam.",23,1
1360,204,"1Sam.",23,2
1361,204,"1Sam.",23,3
1362,204,"1Sam.",23,4
1363,204,"1Sam.",23,5
1364,204,"1Sam.",23,6
1365,204,"1Sam.",23,7
1366,204,"1Sam.",23,8
1367,204,"1Sam.",23,10
1368,204,"1Sam.",23,11
1369,204,"1Sam.",23,12
1370,204,"1Sam.",23,13
1371,204,"Neh.",3,17
1372,204,"Neh.",3,18
1373,205,"Num.",32,42
1374,205,"1Chr.",2,23
1375,206,"Josh.",21,22
1376,207,"2Sam.",15,23
1377,207,"1Kgs.",2,37
1378,207,"1Kgs.",15,13
1379,207,"2Kgs.",23,4
1380,207,"2Kgs.",23,6
1381,207,"2Kgs.",23,12
1382,207,"2Chr.",15,16
1383,207,"2Chr.",29,16
1384,207,"Jer.",31,40
1385,208,"Josh.",9,17
1386,208,"Josh.",15,9
1387,208,"Josh.",15,60
1388,208,"Josh.",18,14
1389,208,"Josh.",18,15
1390,208,"Josh.",18,28
1391,208,"Judg.",18,12
1392,208,"1Sam.",6,21
1393,208,"1Sam.",7,1
1394,208,"1Sam.",7,2
1395,208,"1Chr.",13,5
1396,208,"1Chr.",13,6
1397,208,"2Chr.",1,4
1398,208,"Neh.",7,29
1399,208,"Jer.",26,20
1400,209,"Josh.",19,20
1401,209,"Josh.",21,28
1402,210,"Judg.",4,7
1403,210,"Judg.",4,13
1404,210,"Judg.",5,21
1405,210,"1Kgs.",18,40
1406,210,"Ps.",83,9
1407,211,"Judg.",1,30
1408,212,"Josh.",15,40
1409,213,"Isa.",10,30
1410,214,"Gen.",10,19
1411,215,"Josh.",12,18
1412,216,"Deut.",1,7
1413,216,"Deut.",3,25
1414,216,"Deut.",11,24
1415,216,"Josh.",1,4
1416,216,"Josh.",9,1
1417,216,"Josh.",13,5
1418,216,"Josh.",13,6
1419,216,"Judg.",9,15
1420,216,"1Kgs.",4,33
1421,216,"1Kgs.",5,6
1422,216,"1Kgs.",5,9
1423,216,"1Kgs.",5,14
1424,216,"1Kgs.",9,19
1425,216,"2Kgs.",14,9
1426,216,"2Kgs.",19,23
1427,216,"2Chr.",2,8
1428,216,"2Chr.",2,16
1429,216,"2Chr.",8,6
1430,216,"2Chr.",25,18
1431,216,"Ezra.",3,7
1432,216,"Ps.",29,5
1433,216,"Ps.",29,6
1434,216,"Ps.",72,16
1435,216,"Ps.",92,12
1436,216,"Ps.",104,16
1437,216,"Sng.",3,9
1438,216,"Sng.",4,8
1439,216,"Sng.",4,11
1440,216,"Sng.",4,15
1441,216,"Sng.",5,15
1442,216,"Sng.",7,4
1443,216,"Isa.",2,13
1444,216,"Isa.",10,34
1445,216,"Isa.",14,8
1446,216,"Isa.",29,17
1447,216,"Isa.",33,9
1448,216,"Isa.",35,2
1449,216,"Isa.",37,24
1450,216,"Isa.",40,16
1451,216,"Isa.",60,13
1452,216,"Jer.",18,14
1453,216,"Jer.",22,6
1454,216,"Jer.",22,20
1455,216,"Jer.",22,23
1456,216,"Ezek.",17,3
1457,216,"Ezek.",27,5
1458,216,"Ezek.",31,3
1459,216,"Ezek.",31,15
1460,216,"Ezek.",31,16
1461,216,"Hos.",14,5
1462,216,"Hos.",14,6
1463,216,"Hos.",14,7
1464,216,"Nahum.",1,4
1465,216,"Hab.",2,17
1466,216,"Zech.",10,10
1467,216,"Zech.",11,1
1468,217,"Judg.",21,19
1469,218,"2Sam.",9,4
1470,218,"2Sam.",9,5
1471,218,"2Sam.",17,27
1472,218,"Amos.",6,13
1473,219,"Josh.",15,59
1474,220,"Josh.",15,31
1475,220,"1Chr.",2,49
1476,221,"Josh.",11,1
1477,221,"Josh.",12,19
1478,222,"Gen.",32,2
1479,222,"Josh.",13,26
1480,222,"Josh.",13,30
1481,222,"Josh.",21,38
1482,222,"2Sam.",2,8
1483,222,"2Sam.",2,12
1484,222,"2Sam.",2,29
1485,222,"2Sam.",17,24
1486,222,"2Sam.",17,27
1487,222,"2Sam.",19,32
1488,222,"1Kgs.",2,8
1489,222,"1Kgs.",4,14
1490,222,"1Chr.",6,80
1491,223,"Judg.",13,25
1492,223,"Judg.",18,12
1493,224,"Josh.",10,10
1494,224,"Josh.",10,16
1495,224,"Josh.",10,17
1496,224,"Josh.",10,21
1497,224,"Josh.",10,28
1498,224,"Josh.",10,29
1499,224,"Josh.",12,16
1500,224,"Josh.",15,41
1501,225,"1Chr.",8,6
1502,226,"Ex.",15,23
1503,226,"Num.",33,8
1504,226,"Num.",33,9
1505,227,"Josh.",19,11
1506,228,"Josh.",13,4
1507,229,"Isa.",19,13
1508,229,"Jer.",2,16
1509,229,"Jer.",44,1
1510,229,"Jer.",46,14
1511,229,"Jer.",46,19
1512,229,"Ezek.",30,13
1513,229,"Ezek.",30,16
1514,229,"Hos.",9,6
1515,230,"Josh.",13,18
1516,230,"Josh.",21,37
1517,230,"1Chr.",6,79
1518,230,"Jer.",48,21
1519,231,"Josh.",11,5
1520,231,"Josh.",11,7
1521,232,"Gen.",10,30
1522,233,"Josh.",16,6
1523,233,"Josh.",17,7
1524,234,"Josh.",15,61
1525,235,"Gen.",36,35
1526,235,"Ex.",2,15
1527,235,"Ex.",2,16
1528,235,"Ex.",3,1
1529,235,"Ex.",4,19
1530,235,"Ex.",18,1
1531,235,"Num.",22,4
1532,235,"Num.",22,7
1533,235,"Num.",25,15
1534,235,"Num.",25,18
1535,235,"Num.",31,3
1536,235,"Num.",31,7
1537,235,"Num.",31,8
1538,235,"Num.",31,9
1539,235,"Josh.",13,21
1540,235,"Judg.",6,1
1541,235,"Judg.",6,2
1542,235,"Judg.",6,6
1543,235,"Judg.",6,13
1544,235,"Judg.",6,14
1545,235,"Judg.",7,1
1546,235,"Judg.",7,8
1547,235,"Judg.",7,13
1548,235,"Judg.",7,14
1549,235,"Judg.",7,15
1550,235,"Judg.",7,23
1551,235,"Judg.",7,25
1552,235,"Judg.",8,1
1553,235,"Judg.",8,3
1554,235,"Judg.",8,5
1555,235,"Judg.",8,12
1556,235,"Judg.",8,22
1557,235,"Judg.",8,26
1558,235,"Judg.",8,28
1559,235,"Judg.",9,17
1560,235,"1Kgs.",11,18
1561,235,"1Chr.",1,46
1562,235,"Ps.",83,9
1563,235,"Isa.",9,4
1564,235,"Isa.",10,26
1565,235,"Isa.",60,6
1566,235,"Hab.",3,7
1567,235,"Acts.",7,29
1568,236,"Josh.",19,38
1569,237,"Josh.",15,37
1570,238,"Ex.",14,2
1571,238,"Num.",33,7
1572,238,"Jer.",44,1
1573,238,"Jer.",46,14
1574,238,"Ezek.",29,10
1575,238,"Ezek.",30,6
1576,239,"Judg.",11,33
1577,239,"Ezek.",27,17
1578,240,"Josh.",11,8
1579,240,"Josh.",13,6
1580,241,"Josh.",15,26
1581,241,"Josh.",19,2
1582,241,"1Chr.",4,28
1583,241,"Neh.",11,26
1584,242,"Josh.",15,9
1585,243,"Josh.",11,17
1586,243,"Josh.",12,7
1587,244,"Num.",20,22
1588,244,"Num.",20,23
1589,244,"Num.",20,25
1590,244,"Num.",20,27
1591,244,"Num.",21,4
1592,244,"Num.",33,37
1593,244,"Num.",33,38
1594,244,"Num.",33,39
1595,244,"Num.",33,41
1596,244,"Deut.",32,50
1597,245,"Num.",34,7
1598,245,"Num.",34,8
1599,246,"Josh.",15,10
1600,247,"Ex.",19,11
1601,247,"Ex.",19,18
1602,247,"Ex.",19,20
1603,247,"Ex.",19,23
1604,247,"Ex.",24,16
1605,247,"Ex.",31,18
1606,247,"Ex.",34,2
1607,247,"Ex.",34,4
1608,247,"Ex.",34,29
1609,247,"Ex.",34,32
1610,247,"Lev.",7,38
1611,247,"Lev.",25,1
1612,247,"Lev.",26,46
1613,247,"Lev.",27,34
1614,247,"Num.",3,1
1615,247,"Num.",28,6
1616,247,"Neh.",9,13
1617,247,"Acts.",7,30
1618,247,"Acts.",7,38
1619,247,"Gal.",4,24
1620,247,"Gal.",4,25
1621,248,"Josh.",18,26
1622,249,"Josh.",15,41
1623,250,"1Chr.",7,28
1624,251,"Judg.",1,30
1625,252,"Neh.",11,34
1626,253,"Num.",32,3
1627,253,"Num.",32,38
1628,253,"Num.",33,47
1629,253,"1Chr.",5,8
1630,253,"Isa.",15,2
1631,253,"Jer.",48,1
1632,253,"Jer.",48,22
1633,254,"Ezra.",2,29
1634,254,"Ezra.",10,43
1635,254,"Neh.",7,33
1636,255,"Gen.",12,9
1637,255,"Gen.",13,1
1638,255,"Gen.",13,3
1639,255,"Gen.",20,1
1640,255,"Gen.",24,62
1641,255,"Num.",13,17
1642,255,"Num.",13,22
1643,255,"Num.",13,29
1644,255,"Num.",21,1
1645,255,"Num.",33,40
1646,255,"Deut.",1,7
1647,255,"Deut.",34,3
1648,255,"Josh.",10,40
1649,255,"Josh.",11,16
1650,255,"Josh.",12,8
1651,255,"Josh.",15,19
1652,255,"Josh.",19,8
1653,255,"Judg.",1,9
1654,255,"Judg.",1,15
1655,255,"Judg.",1,16
1656,255,"1Sam.",27,10
1657,255,"1Sam.",30,1
1658,255,"1Sam.",30,14
1659,255,"1Sam.",30,27
1660,255,"2Sam.",24,7
1661,255,"2Chr.",28,18
1662,255,"Ps.",126,4
1663,255,"Isa.",21,1
1664,255,"Isa.",30,6
1665,255,"Jer.",13,19
1666,255,"Jer.",17,26
1667,255,"Jer.",32,44
1668,255,"Jer.",33,13
1669,255,"Ezek.",20,46
1670,255,"Ezek.",20,47
1671,255,"Obad.",1,19
1672,255,"Obad.",1,20
1673,256,"Josh.",19,27
1674,257,"Josh.",15,9
1675,257,"Josh.",18,15
1676,258,"2Sam.",23,28
1677,258,"2Sam.",23,29
1678,258,"1Chr.",11,30
1679,258,"1Chr.",27,13
1680,258,"Ezra.",2,22
1681,258,"Neh.",7,26
1682,259,"Josh.",15,43
1683,260,"Titus.",3,12
1684,261,"Gen.",41,1
1685,261,"Gen.",41,2
1686,261,"Gen.",41,3
1687,261,"Gen.",41,17
1688,261,"Gen.",41,18
1689,261,"Ex.",1,22
1690,261,"Ex.",4,9
1691,261,"Ex.",7,15
1692,261,"Ex.",7,17
1693,261,"Ex.",7,18
1694,261,"Ex.",7,20
1695,261,"Ex.",7,21
1696,261,"Ex.",7,24
1697,261,"Ex.",7,25
1698,261,"Ex.",8,3
1699,261,"Ex.",8,9
1700,261,"Ex.",8,11
1701,261,"Ex.",17,5
1702,261,"1Chr.",13,5
1703,261,"Isa.",19,6
1704,261,"Isa.",19,7
1705,261,"Isa.",19,8
1706,261,"Isa.",23,3
1707,261,"Isa.",23,10
1708,261,"Jer.",2,18
1709,261,"Jer.",46,7
1710,261,"Jer.",46,8
1711,261,"Ezek.",29,3
1712,261,"Ezek.",29,9
1713,261,"Ezek.",30,12
1714,261,"Amos.",8,8
1715,261,"Amos.",9,5
1716,261,"Nahum.",3,8
1717,261,"Zech.",10,11
1718,262,"Isa.",15,6
1719,262,"Jer.",48,34
1720,263,"Gen.",10,11
1721,263,"Gen.",10,12
1722,263,"2Kgs.",19,36
1723,263,"Isa.",37,37
1724,263,"Jonah.",1,2
1725,263,"Jonah.",3,2
1726,263,"Jonah.",3,3
1727,263,"Jonah.",3,4
1728,263,"Jonah.",3,5
1729,263,"Jonah.",3,6
1730,263,"Jonah.",3,7
1731,263,"Jonah.",4,11
1732,263,"Nahum.",1,1
1733,263,"Nahum.",2,8
1734,263,"Nahum.",3,7
1735,263,"Zeph.",2,13
1736,263,"Matt.",12,41
1737,263,"Luke.",11,30
1738,263,"Luke.",11,32
1739,264,"1Sam.",21,1
1740,264,"1Sam.",22,9
1741,264,"1Sam.",22,11
1742,264,"1Sam.",22,19
1743,264,"Neh.",11,32
1744,264,"Isa.",10,32
1745,265,"Gen.",41,45
1746,265,"Gen.",41,50
1747,265,"Gen.",46,20
1748,265,"Ezek.",30,17
1749,266,"Josh.",18,24
1750,267,"Josh.",18,23
1751,268,"Gen.",21,21
1752,268,"Num.",10,12
1753,268,"Num.",12,16
1754,268,"Num.",13,3
1755,268,"Num.",13,26
1756,268,"Deut.",1,1
1757,268,"1Sam.",25,1
1758,268,"1Kgs.",11,18
1759,269,"Isa.",11,11
1760,269,"Jer.",44,1
1761,269,"Jer.",44,15
1762,269,"Ezek.",29,14
1763,269,"Ezek.",30,14
1764,270,"Rev.",1,9
1765,271,"Num.",22,5
1766,271,"Deut.",23,4
1767,272,"2Kgs.",5,12
1768,273,"Ezek.",30,17
1769,274,"Ex.",14,2
1770,274,"Ex.",14,9
1771,274,"Num.",33,7
1772,275,"Judg.",12,15
1773,275,"2Sam.",23,30
1774,275,"1Chr.",11,31
1775,275,"1Chr.",27,14
1776,276,"Acts.",2,9
1777,276,"Acts.",18,2
1778,276,"1Pet.",1,1
1779,277,"Ezek.",27,22
1780,278,"Josh.",19,20
1781,279,"Josh.",19,46
1782,280,"Josh.",19,29
1783,281,"Josh.",19,36
1784,282,"Ex.",10,19
1785,282,"Ex.",13,18
1786,282,"Ex.",15,4
1787,282,"Ex.",15,22
1788,282,"Ex.",23,31
1789,282,"Num.",14,25
1790,282,"Num.",21,4
1791,282,"Num.",33,10
1792,282,"Num.",33,11
1793,282,"Deut.",1,40
1794,282,"Deut.",2,1
1795,282,"Deut.",11,4
1796,282,"Josh.",2,10
1797,282,"Josh.",4,23
1798,282,"Josh.",24,6
1799,282,"Judg.",11,16
1800,282,"1Kgs.",9,26
1801,282,"Neh.",9,9
1802,282,"Ps.",106,7
1803,282,"Ps.",106,9
1804,282,"Ps.",106,22
1805,282,"Ps.",136,13
1806,282,"Ps.",136,15
1807,282,"Jer.",49,21
1808,282,"Acts.",7,36
1809,282,"Heb.",11,29
1810,283,"Gen.",26,22
1811,284,"2Kgs.",19,12
1812,284,"Isa.",37,12
1813,285,"2Kgs.",23,33
1814,285,"2Kgs.",25,6
1815,285,"2Kgs.",25,20
1816,285,"2Kgs.",25,21
1817,285,"Jer.",39,5
1818,285,"Jer.",39,6
1819,285,"Jer.",52,9
1820,285,"Jer.",52,10
1821,285,"Jer.",52,26
1822,285,"Jer.",52,27
1823,285,"Ezek.",6,14
1824,286,"Judg.",20,45
1825,286,"Judg.",20,47
1826,286,"Judg.",21,13
1827,287,"Deut.",3,10
1828,287,"Josh.",12,5
1829,287,"Josh.",13,11
1830,287,"1Chr.",5,11
1831,288,"Gen.",14,3
1832,288,"Num.",34,3
1833,288,"Num.",34,12
1834,288,"Deut.",3,17
1835,288,"Josh.",3,16
1836,288,"Josh.",12,3
1837,288,"Josh.",15,2
1838,288,"Josh.",15,5
1839,288,"Josh.",18,19
1840,289,"Acts.",20,15
1841,290,"Acts.",16,11
1842,291,"Josh.",15,61
1843,292,"1Sam.",19,22
1844,293,"Gen.",10,30
1845,294,"2Kgs.",17,24
1846,294,"2Kgs.",17,31
1847,294,"2Kgs.",18,34
1848,294,"2Kgs.",19,13
1849,294,"Isa.",36,19
1850,294,"Isa.",37,13
1851,295,"Judg.",1,35
1852,295,"1Kgs.",4,9
1853,296,"Josh.",15,36
1854,296,"1Sam.",17,52
1855,297,"Josh.",15,48
1856,298,"Judg.",10,1
1857,298,"Judg.",10,2
1858,299,"Mic.",1,11
1859,300,"1Chr.",27,29
1860,300,"Sng.",2,1
1861,300,"Isa.",33,9
1862,300,"Isa.",35,2
1863,300,"Isa.",65,10
1864,300,"Acts.",9,35
1865,301,"Josh.",19,6
1866,302,"Josh.",19,2
1867,302,"1Kgs.",10,1
1868,302,"1Kgs.",10,4
1869,302,"1Kgs.",10,10
1870,302,"1Kgs.",10,13
1871,302,"2Chr.",9,1
1872,302,"2Chr.",9,3
1873,302,"2Chr.",9,9
1874,302,"2Chr.",9,12
1875,302,"Job.",6,19
1876,302,"Ps.",72,10
1877,302,"Ps.",72,15
1878,302,"Isa.",60,6
1879,302,"Jer.",6,20
1880,302,"Ezek.",27,22
1881,302,"Ezek.",27,23
1882,302,"Ezek.",38,13
1883,303,"Josh.",19,26
1884,304,"Josh.",19,19
1885,305,"Gen.",16,7
1886,305,"Gen.",20,1
1887,305,"Gen.",25,18
1888,305,"Ex.",15,22
1889,305,"1Sam.",15,7
1890,305,"1Sam.",27,8
1891,306,"Num.",32,38
1892,306,"Josh.",13,19
1893,306,"Isa.",16,8
1894,306,"Isa.",16,9
1895,306,"Jer.",48,32
1896,307,"Ex.",16,1
1897,307,"Ex.",17,1
1898,307,"Num.",33,11
1899,307,"Num.",33,12
1900,308,"2Sam.",3,26
1901,309,"Rom.",15,24
1902,309,"Rom.",15,28
1903,310,"Isa.",49,12
1904,310,"Ezek.",29,10
1905,310,"Ezek.",30,6
1906,311,"Acts.",27,17
1907,312,"Josh.",16,6
1908,313,"Jer.",2,16
1909,313,"Jer.",43,7
1910,313,"Jer.",43,8
1911,313,"Jer.",43,9
1912,313,"Jer.",44,1
1913,313,"Jer.",46,14
1914,314,"Ezek.",47,18
1915,314,"Ezek.",47,19
1916,314,"Ezek.",48,28
1917,315,"Job.",6,19
1918,315,"Isa.",21,14
1919,315,"Jer.",25,23
1920,316,"Jer.",49,7
1921,316,"Jer.",49,20
1922,316,"Ezek.",25,13
1923,316,"Amos.",1,12
1924,316,"Obad.",1,9
1925,316,"Hab.",3,3
1926,317,"Jer.",46,25
1927,317,"Ezek.",30,14
1928,317,"Ezek.",30,15
1929,317,"Ezek.",30,16
1930,317,"Nahum.",3,8
1931,318,"Acts.",28,15
1932,319,"Gen.",2,14
1933,319,"Dan.",10,4
1934,320,"Gen.",38,12
1935,320,"Gen.",38,13
1936,320,"Gen.",38,14
1937,320,"Josh.",15,10
1938,320,"Josh.",19,43
1939,320,"Judg.",14,1
1940,320,"Judg.",14,2
1941,320,"Judg.",14,5
1942,320,"2Chr.",28,18
1943,321,"Josh.",15,57
1944,322,"Judg.",2,9
1945,323,"1Kgs.",4,24
1946,324,"2Kgs.",15,16
1947,325,"Judg.",11,3
1948,325,"Judg.",11,5
1949,325,"2Sam.",10,6
1950,325,"2Sam.",10,8
1951,326,"Deut.",1,1
1952,327,"Luke.",3,1
1953,328,"Dan.",8,2
1954,328,"Dan.",8,16
1955,329,"Josh.",19,30
1956,330,"Job.",1,1
1957,330,"Jer.",25,20
1958,330,"Lam.",4,21
1959,331,"Ezek.",27,19
1960,332,"1Chr.",7,24
1961,333,"Josh.",7,24
1962,333,"Josh.",7,26
1963,333,"Josh.",15,7
1964,333,"Isa.",65,10
1965,333,"Hos.",2,15
1966,334,"Amos.",1,5
1967,335,"2Chr.",20,26
1968,336,"1Sam.",17,2
1969,336,"1Sam.",17,19
1970,336,"1Sam.",21,9
1971,337,"Josh.",15,8
1972,337,"Josh.",18,16
1973,337,"Neh.",11,30
1974,338,"Josh.",19,14
1975,338,"Josh.",19,27
1976,339,"Josh.",11,8
1977,340,"Josh.",15,8
1978,340,"Josh.",18,16
1979,340,"2Sam.",5,18
1980,340,"2Sam.",5,22
1981,340,"2Sam.",23,13
1982,340,"1Chr.",11,15
1983,340,"1Chr.",14,9
1984,340,"Isa.",17,5
1985,341,"2Sam.",8,13
1986,341,"2Kgs.",14,7
1987,341,"1Chr.",18,12
1988,341,"2Chr.",25,11
1989,341,"Ps.",60,1
1990,342,"Gen.",14,3
1991,342,"Gen.",14,8
1992,342,"Gen.",14,10
1993,343,"Judg.",16,4
1994,344,"1Sam.",13,18
1995,345,"2Chr.",14,10
1996,346,"Josh.",19,38
1997,347,"Josh.",15,34
1998,347,"Neh.",3,13
1999,347,"Neh.",11,30
2000,348,"Josh.",15,56
2001,349,"Josh.",13,27
2002,349,"Judg.",12,1
2003,350,"Josh.",3,16
2004,350,"1Kgs.",4,12
2005,350,"1Kgs.",7,46
2006,351,"Num.",34,8
2007,351,"Ezek.",47,15
2008,352,"1Sam.",10,2
2009,353,"Josh.",18,22
2010,354,"Judg.",1,17
2011,355,"Deut.",2,13
2012,355,"Deut.",2,14
2013,356,"Josh.",13,19
2014,357,"Josh.",19,35
2015,358,"Josh.",15,54
2016,359,"2Chr.",20,16
2017,360,"Num.",23,14
2018,361,"Josh.",15,33
2019,361,"Josh.",19,41
2020,361,"Judg.",13,2
2021,361,"Judg.",13,25
2022,361,"Judg.",16,31
2023,361,"Judg.",18,2
2024,361,"Judg.",18,8
2025,361,"Judg.",18,11
2026,361,"2Chr.",11,10
2027,361,"Neh.",11,29
